<?xml version='1.0' encoding='UTF-8'?>
<?artifactRepository version='1.1.0'?>
<repository name='file:/Users/asherry/workspace6/smb-connector/target/update-site/ - artifacts' type='org.eclipse.equinox.p2.artifact.repository.simpleRepository' version='1'>
  <properties size='2'>
    <property name='p2.timestamp' value='1582315099934'/>
    <property name='p2.compressed' value='false'/>
  </properties>
  <mappings size='3'>
    <rule filter='(&amp; (classifier=osgi.bundle))' output='${repoUrl}/plugins/${id}_${version}.jar'/>
    <rule filter='(&amp; (classifier=binary))' output='${repoUrl}/binary/${id}_${version}'/>
    <rule filter='(&amp; (classifier=org.eclipse.update.feature))' output='${repoUrl}/features/${id}_${version}.jar'/>
  </mappings>
  <artifacts size='2'>
    <artifact classifier='org.eclipse.update.feature' id='org.mule.tooling.ui.extension.smb-connector.3.8.0' version='1.2.1.202002211458'>
      <properties size='4'>
        <property name='artifact.size' value='10068'/>
        <property name='download.size' value='10068'/>
        <property name='download.md5' value='d145e21b2de95e5fa2ea2b57151c0d0c'/>
        <property name='download.contentType' value='application/zip'/>
      </properties>
    </artifact>
    <artifact classifier='osgi.bundle' id='org.mule.tooling.ui.contribution.smb.3.8.0' version='1.2.1.202002211458'>
      <properties size='3'>
        <property name='artifact.size' value='4636981'/>
        <property name='download.size' value='4636981'/>
        <property name='download.md5' value='672bb04d7a8d3c541221f52c7b136201'/>
      </properties>
    </artifact>
  </artifacts>
</repository>
